username,wins,defeats,draws,winsRate
hayan2,152,4,0,97.44
cuteduhan,0,2005,6,0.0
han5min5,56,13,1,80.0
ghwls1153,85,52,5,59.85915492957746
seunghyeon^^,12,16,6,35.294117647058826
kibeom,33,81,7,27.27272727272727
mukeun,27,8,1,75.0
